	mean_fit_time	mean_score_time	mean_test_score	param_C	param_gamma	params	rank_test_score	split0_test_score	split1_test_score	split2_test_score	std_fit_time	std_score_time	std_test_score
0	24.231546878814697	9.933239618937174	0.5755173932188463	1	0.001	{'C': 1, 'gamma': 0.001}	6	0.5642888595332453	0.586966094231616	0.5752972258916776	0.25536974854122163	0.020150088140493145	0.009259251180313757
1	21.138715902964275	8.406161069869995	0.6845736092763833	1	0.01	{'C': 1, 'gamma': 0.01}	2	0.7023337736679877	0.6611624834874504	0.690224570673712	0.4342432945569239	0.15289472981627927	0.017276550722835734
2	21.93528691927592	8.846449057261148	0.6836195508586526	5	0.001	{'C': 5, 'gamma': 0.001}	4	0.7032144429766622	0.6596213121972699	0.6880228974020255	0.35609363192624377	0.14731165625648462	0.018067140677171842
3	20.162637948989868	7.883860985438029	0.683766329076765	5	0.01	{'C': 5, 'gamma': 0.01}	3	0.6996917657419639	0.6611624834874504	0.6904447380008807	0.34797758024334985	0.1548362236712642	0.01642309871451939
4	20.77286998430888	8.17863670984904	0.6836195508586526	10	0.001	{'C': 10, 'gamma': 0.001}	4	0.6994715984147952	0.6609423161602818	0.6904447380008807	0.4199370417129473	0.16001717922372047	0.016453242485030495
5	19.964354117711384	7.803062041600545	0.6883164538382504	10	0.01	{'C': 10, 'gamma': 0.01}	1	0.7084984588287098	0.6651254953764861	0.6913254073095553	0.45782843913352483	0.178140553472121	0.017834308516664166
