	mean_fit_time	mean_score_time	mean_test_score	param_C	param_gamma	params	rank_test_score	split0_test_score	split1_test_score	split2_test_score	std_fit_time	std_score_time	std_test_score
0	24.969837347666424	8.933671871821085	0.579113459562601	1	0.001	{'C': 1, 'gamma': 0.001}	6	0.5693527080581242	0.5878467635402906	0.5801409070893879	0.8136151785948124	0.3594356351929839	0.0075850404683424095
1	21.415131012598675	7.705098311106364	0.686481726111845	1	0.01	{'C': 1, 'gamma': 0.01}	3	0.7043152796125055	0.6622633201232937	0.6928665785997358	1.065318098880393	0.33481587451015965	0.017751367650403197
2	23.275252103805542	8.56442658106486	0.6845002201673271	5	0.001	{'C': 5, 'gamma': 0.001}	5	0.7029942756494936	0.6611624834874504	0.6893439013650374	0.14623716642904758	0.7289865782009434	0.017417819314921573
3	21.71654438972473	7.600940386454265	0.6869954498752385	5	0.01	{'C': 5, 'gamma': 0.01}	2	0.7071774548656979	0.6629238221047996	0.6908850726552179	0.9107136716057187	0.5815785139330654	0.01827462497858738
4	22.42266313234965	8.175860484441122	0.6849405548216645	10	0.001	{'C': 10, 'gamma': 0.001}	4	0.702774108322325	0.6618229854689565	0.690224570673712	0.4248935453866154	0.6644934638139511	0.01713065932534293
5	22.639665206273396	7.7469165325164795	0.697710259797446	10	0.01	{'C': 10, 'gamma': 0.01}	1	0.7131219726992515	0.6770145310435931	0.7029942756494936	0.26519213127931124	0.2567580710758429	0.015206960103249007
