	mean_fit_time	mean_score_time	mean_test_score	param_C	param_gamma	params	rank_test_score	split0_test_score	split1_test_score	split2_test_score	std_fit_time	std_score_time	std_test_score
0	24.077290534973145	9.958085775375366	0.5755173932188463	1	0.001	{'C': 1, 'gamma': 0.001}	6	0.5642888595332453	0.586966094231616	0.5752972258916776	0.08390378633496282	0.029686630186198007	0.009259251180313757
1	21.19944930076599	8.448388973871866	0.6845736092763833	1	0.01	{'C': 1, 'gamma': 0.01}	2	0.7023337736679877	0.6611624834874504	0.690224570673712	0.43171299873556923	0.15047391828859033	0.017276550722835734
2	21.843449036280315	8.850539286931356	0.6836195508586526	5	0.001	{'C': 5, 'gamma': 0.001}	4	0.7032144429766622	0.6596213121972699	0.6880228974020255	0.3371511652385045	0.1456240055517443	0.018067140677171842
3	20.062358299891155	7.882381200790405	0.683766329076765	5	0.01	{'C': 5, 'gamma': 0.01}	3	0.6996917657419639	0.6611624834874504	0.6904447380008807	0.3986711852425525	0.16109795263468574	0.01642309871451939
4	20.96662441889445	8.31497891743978	0.6836195508586526	10	0.001	{'C': 10, 'gamma': 0.001}	4	0.6994715984147952	0.6609423161602818	0.6904447380008807	0.44261191485770546	0.11765658541354793	0.016453242485030495
5	19.97354221343994	7.799442370732625	0.6883164538382504	10	0.01	{'C': 10, 'gamma': 0.01}	1	0.7084984588287098	0.6651254953764861	0.6913254073095553	0.4529491862720459	0.17629209821659247	0.017834308516664166
