	mean_fit_time	mean_score_time	mean_test_score	param_C	param_gamma	params	rank_test_score	split0_test_score	split1_test_score	split2_test_score	std_fit_time	std_score_time	std_test_score
0	16.625268300374348	5.559911251068115	0.570306766475855	1	0.001	{'C': 1, 'gamma': 0.001}	6	0.5587846763540291	0.5843240863055923	0.5678115367679436	0.11058701672033469	0.04379096451322564	0.010574655034245305
1	15.450471957524618	4.784224669138591	0.6836195508586526	1	0.01	{'C': 1, 'gamma': 0.01}	1	0.6994715984147952	0.6609423161602818	0.6904447380008807	0.24344158615075462	0.09333212027977913	0.016453242485030495
2	15.181079387664795	4.977128744125366	0.6829590488771466	5	0.001	{'C': 5, 'gamma': 0.001}	5	0.6972699251431088	0.6609423161602818	0.6906649053280494	0.14244663572058483	0.06099757749943125	0.015799978087194372
3	14.647260506947836	4.446319182713826	0.6836195508586526	5	0.01	{'C': 5, 'gamma': 0.01}	1	0.6994715984147952	0.6609423161602818	0.6904447380008807	0.1998028022514168	0.07435142747927743	0.016453242485030495
4	16.26889697710673	4.776247978210449	0.6836195508586526	10	0.001	{'C': 10, 'gamma': 0.001}	1	0.6994715984147952	0.6609423161602818	0.6904447380008807	0.32768250888999645	0.10166341224374512	0.016453242485030495
5	14.565965016682943	4.416709899902344	0.6836195508586526	10	0.01	{'C': 10, 'gamma': 0.01}	1	0.6994715984147952	0.6609423161602818	0.6904447380008807	0.1616199234147166	0.08115717413612485	0.016453242485030495
