	mean_fit_time	mean_score_time	mean_test_score	param_C	param_gamma	params	rank_test_score	split0_test_score	split1_test_score	split2_test_score	std_fit_time	std_score_time	std_test_score
0	24.392583688100178	9.992775360743204	0.5755173932188463	1	0.001	{'C': 1, 'gamma': 0.001}	6	0.5642888595332453	0.586966094231616	0.5752972258916776	0.04402533180366434	0.06158778081357995	0.009259251180313757
1	21.04636875788371	8.465508222579956	0.6845736092763833	1	0.01	{'C': 1, 'gamma': 0.01}	2	0.7023337736679877	0.6611624834874504	0.690224570673712	0.4344051033551884	0.15313876163211293	0.017276550722835734
2	21.827525933583576	8.90360919634501	0.6836195508586526	5	0.001	{'C': 5, 'gamma': 0.001}	4	0.7032144429766622	0.6596213121972699	0.6880228974020255	0.35267975821769637	0.1473224199174029	0.018067140677171842
3	20.06861750284831	7.918070634206136	0.683766329076765	5	0.01	{'C': 5, 'gamma': 0.01}	3	0.6996917657419639	0.6611624834874504	0.6904447380008807	0.4078385335591967	0.1369825017452995	0.01642309871451939
4	20.77079661687215	8.224079291025797	0.6836195508586526	10	0.001	{'C': 10, 'gamma': 0.001}	4	0.6994715984147952	0.6609423161602818	0.6904447380008807	0.3949143802378801	0.16449071065017412	0.016453242485030495
5	20.114781936009724	7.824544429779053	0.6883164538382504	10	0.01	{'C': 10, 'gamma': 0.01}	1	0.7084984588287098	0.6651254953764861	0.6913254073095553	0.43887434804621156	0.17979470751485782	0.017834308516664166
