	mean_fit_time	mean_score_time	mean_test_score	param_C	param_gamma	params	rank_test_score	split0_test_score	split1_test_score	split2_test_score	std_fit_time	std_score_time	std_test_score
0	24.014572540918987	9.961091041564941	0.5755173932188463	1	0.001	{'C': 1, 'gamma': 0.001}	6	0.5642888595332453	0.586966094231616	0.5752972258916776	0.08881083631091903	0.029971401621810882	0.009259251180313757
1	21.072281281153362	8.505132993062338	0.6845736092763833	1	0.01	{'C': 1, 'gamma': 0.01}	2	0.7023337736679877	0.6611624834874504	0.690224570673712	0.464283630572678	0.166499141338127	0.017276550722835734
2	21.855684359868366	8.899511575698853	0.6836195508586526	5	0.001	{'C': 5, 'gamma': 0.001}	4	0.7032144429766622	0.6596213121972699	0.6880228974020255	0.3391928050008638	0.1515078442380134	0.018067140677171842
3	20.106518586476643	7.905059337615967	0.683766329076765	5	0.01	{'C': 5, 'gamma': 0.01}	3	0.6996917657419639	0.6611624834874504	0.6904447380008807	0.44004192064918934	0.1763978893519197	0.01642309871451939
4	20.88355779647827	8.22245748837789	0.6836195508586526	10	0.001	{'C': 10, 'gamma': 0.001}	4	0.6994715984147952	0.6609423161602818	0.6904447380008807	0.40723981091930544	0.17278063848902853	0.016453242485030495
5	20.16979726155599	7.8308796882629395	0.6883164538382504	10	0.01	{'C': 10, 'gamma': 0.01}	1	0.7084984588287098	0.6651254953764861	0.6913254073095553	0.465504372589705	0.18933603769558652	0.017834308516664166
