	mean_fit_time	mean_score_time	mean_test_score	param_C	param_gamma	params	rank_test_score	split0_test_score	split1_test_score	split2_test_score	std_fit_time	std_score_time	std_test_score
0	20.011407613754272	6.9586582978566485	0.5755173932188463	1	0.001	{'C': 1, 'gamma': 0.001}	6	0.5642888595332453	0.586966094231616	0.5752972258916776	0.06621371205363717	0.020947485066617644	0.009259251180313757
1	17.512186368306477	6.075268983840942	0.6845736092763833	1	0.01	{'C': 1, 'gamma': 0.01}	2	0.7023337736679877	0.6611624834874504	0.690224570673712	0.3473564613312295	0.18709244146008316	0.017276550722835734
2	18.246418873469036	6.281952063242595	0.6836195508586526	5	0.001	{'C': 5, 'gamma': 0.001}	4	0.7032144429766622	0.6596213121972699	0.6880228974020255	0.33453706691152624	0.08275029309083101	0.018067140677171842
3	185.01415634155273	5.8276950518290205	0.683766329076765	5	0.01	{'C': 5, 'gamma': 0.01}	3	0.6996917657419639	0.6611624834874504	0.6904447380008807	237.88014603120754	0.13720638900330304	0.01642309871451939
4	22.32049870491028	6.914848645528157	0.6836195508586526	10	0.001	{'C': 10, 'gamma': 0.001}	4	0.6994715984147952	0.6609423161602818	0.6904447380008807	2.4780843047894687	0.3255148528362151	0.016453242485030495
5	18.86295461654663	6.2952094078063965	0.6883164538382504	10	0.01	{'C': 10, 'gamma': 0.01}	1	0.7084984588287098	0.6651254953764861	0.6913254073095553	0.4317984901751132	0.16446775624661672	0.017834308516664166
