	mean_fit_time	mean_score_time	mean_test_score	param_C	param_gamma	params	rank_test_score	split0_test_score	split1_test_score	split2_test_score	std_fit_time	std_score_time	std_test_score
0	22.48207728068034	9.148921887079874	0.579113459562601	1	0.001	{'C': 1, 'gamma': 0.001}	6	0.5693527080581242	0.5878467635402906	0.5801409070893879	0.3083197456995092	0.038174180957332625	0.0075850404683424095
1	19.131181955337524	7.762792666753133	0.686481726111845	1	0.01	{'C': 1, 'gamma': 0.01}	3	0.7043152796125055	0.6622633201232937	0.6928665785997358	0.3075997207684141	0.12005872909269495	0.017751367650403197
2	20.025026082992554	8.179697593053183	0.6845002201673271	5	0.001	{'C': 5, 'gamma': 0.001}	5	0.7029942756494936	0.6611624834874504	0.6893439013650374	0.2674696366427474	0.1431211308087611	0.017417819314921573
3	18.374215920766193	7.340491771697998	0.6869954498752385	5	0.01	{'C': 5, 'gamma': 0.01}	2	0.7071774548656979	0.6629238221047996	0.6908850726552179	0.19902962938001653	0.15360987080013053	0.01827462497858738
4	19.02647089958191	7.638108571370442	0.6849405548216645	10	0.001	{'C': 10, 'gamma': 0.001}	4	0.702774108322325	0.6618229854689565	0.690224570673712	0.2734813836002136	0.12695867579318046	0.01713065932534293
5	18.66704813639323	7.257707039515178	0.697710259797446	10	0.01	{'C': 10, 'gamma': 0.01}	1	0.7131219726992515	0.6770145310435931	0.7029942756494936	0.3248938619868357	0.14135348941345027	0.015206960103249007
