	mean_fit_time	mean_score_time	mean_test_score	param_C	param_gamma	params	rank_test_score	split0_test_score	split1_test_score	split2_test_score	std_fit_time	std_score_time	std_test_score
0	25.802310705184937	10.808968623479208	0.583223249669749	1	0.001	{'C': 1, 'gamma': 0.001}	6	0.5741963892558344	0.5904887714663144	0.5849845882870982	0.07061614931363643	0.016233248110452247	0.006766937506081347
1	22.256393988927204	9.258484284083048	0.6876559518567444	1	0.01	{'C': 1, 'gamma': 0.01}	4	0.7078379568472039	0.6642448260678115	0.6908850726552179	0.4579279060832981	0.2030238120090258	0.017942699139866534
2	23.111778179804485	9.61559502283732	0.6877293409658006	5	0.001	{'C': 5, 'gamma': 0.001}	3	0.7071774548656979	0.6646851607221488	0.6913254073095553	0.29880339798515704	0.13556388776977665	0.017532779495504774
3	20.95966903368632	8.550829331080118	0.6938940261265228	5	0.01	{'C': 5, 'gamma': 0.01}	2	0.7115808014090709	0.674592690444738	0.6955085865257595	0.33728865664276	0.16189204455213532	0.015143429645438923
4	21.66814335187276	8.927271525065104	0.6869220607661823	10	0.001	{'C': 10, 'gamma': 0.001}	5	0.7073976221928666	0.662703654777631	0.6906649053280494	0.3630530819845611	0.10932772527600952	0.018437178831358807
5	22.003588835398357	8.636457443237305	0.701086158814032	10	0.01	{'C': 10, 'gamma': 0.01}	1	0.7177454865697931	0.6805372082782915	0.7049757815940114	0.3460771635643138	0.16009631227327661	0.015437203273960372
